{
  "project_info": {
    "project_number": "47641103126",
    "project_id": "saludable-nico",
    "storage_bucket": "saludable-nico.appspot.com"
  },
  "client": [
    {
      "client_info": {
        "mobilesdk_app_id": "1:47641103126:android:9db04a2a6af7beeed05e37",
        "android_client_info": {
          "package_name": "edu.neo.saludable"
        }
      },
      "oauth_client": [
        {
          "client_id": "47641103126-qgb9rf5b8u7es6lsvs43oj8ins9492pa.apps.googleusercontent.com",
          "client_type": 3
        }
      ],
      "api_key": [
        {
          "current_key": "AIzaSyCWjJhnlxclKbrBhN3aLkP_IOUqS27Clw0"
        }
      ],
      "services": {
        "appinvite_service": {
          "other_platform_oauth_client": [
            {
              "client_id": "47641103126-qgb9rf5b8u7es6lsvs43oj8ins9492pa.apps.googleusercontent.com",
              "client_type": 3
            }
          ]
        }
      }
    }
  ],
  "configuration_version": "1"
}